id,y_true,y_pred,absolute_error
1736235103.626462,275.0,214.02865025276205,60.97134974723795
1736235123.730495,200.0,156.57687377662785,43.42312622337215
1736235143.8126,54.0,93.67244614539979,39.67244614539979
1736235143.8126,54.0,93.67244614539979,39.67244614539979
1736235143.8126,54.0,93.67244614539979,39.67244614539979
