id,y_true,y_pred,absolute_error
1736269012.429308,77.0,78.90917194278398,1.9091719427839848
1736269022.447314,200.0,179.15539665935967,20.844603340640333
1736269032.46414,199.0,111.81820897916502,87.18179102083498
1736269042.478946,59.0,134.18536033536822,75.18536033536822
1736269052.488278,200.0,117.45221301859652,82.54778698140348
